mean,median,std,min,max,n
9.24775545030343e-09,9.31060473163825e-09,1.890583689601044e-09,5.4219149170364744e-09,1.3035427848251402e-08,31.0
